key,value
SIM1,"{""val"":1,""ver"":1}"
SIM10,"{""val"":10,""ver"":1}"
SIM100,"{""val"":100,""ver"":1}"
SIM1000,"{""val"":1000,""ver"":1}"
SIM101,"{""val"":101,""ver"":1}"
SIM102,"{""val"":102,""ver"":1}"
SIM103,"{""val"":103,""ver"":1}"
SIM104,"{""val"":104,""ver"":1}"
SIM105,"{""val"":105,""ver"":1}"
SIM106,"{""val"":106,""ver"":1}"
SIM107,"{""val"":107,""ver"":1}"
SIM108,"{""val"":108,""ver"":1}"
SIM109,"{""val"":109,""ver"":1}"
SIM11,"{""val"":11,""ver"":1}"
SIM110,"{""val"":110,""ver"":1}"
SIM111,"{""val"":111,""ver"":1}"
SIM112,"{""val"":112,""ver"":1}"
SIM113,"{""val"":113,""ver"":1}"
SIM114,"{""val"":114,""ver"":1}"
SIM115,"{""val"":115,""ver"":1}"
SIM116,"{""val"":116,""ver"":1}"
SIM117,"{""val"":117,""ver"":1}"
SIM118,"{""val"":118,""ver"":1}"
SIM119,"{""val"":119,""ver"":1}"
SIM12,"{""val"":12,""ver"":1}"
SIM120,"{""val"":120,""ver"":1}"
SIM121,"{""val"":121,""ver"":1}"
SIM122,"{""val"":122,""ver"":1}"
SIM123,"{""val"":123,""ver"":1}"
SIM124,"{""val"":124,""ver"":1}"
SIM125,"{""val"":125,""ver"":1}"
SIM126,"{""val"":126,""ver"":1}"
SIM127,"{""val"":127,""ver"":1}"
SIM128,"{""val"":128,""ver"":1}"
SIM129,"{""val"":129,""ver"":1}"
SIM13,"{""val"":13,""ver"":1}"
SIM130,"{""val"":130,""ver"":1}"
SIM131,"{""val"":131,""ver"":1}"
SIM132,"{""val"":132,""ver"":1}"
SIM133,"{""val"":133,""ver"":1}"
SIM134,"{""val"":134,""ver"":1}"
SIM135,"{""val"":135,""ver"":1}"
SIM136,"{""val"":136,""ver"":1}"
SIM137,"{""val"":137,""ver"":1}"
SIM138,"{""val"":138,""ver"":1}"
SIM139,"{""val"":139,""ver"":1}"
SIM14,"{""val"":14,""ver"":1}"
SIM140,"{""val"":140,""ver"":1}"
SIM141,"{""val"":141,""ver"":1}"
SIM142,"{""val"":142,""ver"":1}"
SIM143,"{""val"":143,""ver"":1}"
SIM144,"{""val"":144,""ver"":1}"
SIM145,"{""val"":145,""ver"":1}"
SIM146,"{""val"":146,""ver"":1}"
SIM147,"{""val"":147,""ver"":1}"
SIM148,"{""val"":148,""ver"":1}"
SIM149,"{""val"":149,""ver"":1}"
SIM15,"{""val"":15,""ver"":1}"
SIM150,"{""val"":150,""ver"":1}"
SIM151,"{""val"":151,""ver"":1}"
SIM152,"{""val"":152,""ver"":1}"
SIM153,"{""val"":153,""ver"":1}"
SIM154,"{""val"":154,""ver"":1}"
SIM155,"{""val"":155,""ver"":1}"
SIM156,"{""val"":156,""ver"":1}"
SIM157,"{""val"":157,""ver"":1}"
SIM158,"{""val"":158,""ver"":1}"
SIM159,"{""val"":159,""ver"":1}"
SIM16,"{""val"":16,""ver"":1}"
SIM160,"{""val"":160,""ver"":1}"
SIM161,"{""val"":161,""ver"":1}"
SIM162,"{""val"":162,""ver"":1}"
SIM163,"{""val"":163,""ver"":1}"
SIM164,"{""val"":164,""ver"":1}"
SIM165,"{""val"":165,""ver"":1}"
SIM166,"{""val"":166,""ver"":1}"
SIM167,"{""val"":167,""ver"":1}"
SIM168,"{""val"":168,""ver"":1}"
SIM169,"{""val"":169,""ver"":1}"
SIM17,"{""val"":17,""ver"":1}"
SIM170,"{""val"":170,""ver"":1}"
SIM171,"{""val"":171,""ver"":1}"
SIM172,"{""val"":172,""ver"":1}"
SIM173,"{""val"":173,""ver"":1}"
SIM174,"{""val"":174,""ver"":1}"
SIM175,"{""val"":175,""ver"":1}"
SIM176,"{""val"":176,""ver"":1}"
SIM177,"{""val"":177,""ver"":1}"
SIM178,"{""val"":178,""ver"":1}"
SIM179,"{""val"":179,""ver"":1}"
SIM18,"{""val"":18,""ver"":1}"
SIM180,"{""val"":180,""ver"":1}"
SIM181,"{""val"":181,""ver"":1}"
SIM182,"{""val"":182,""ver"":1}"
SIM183,"{""val"":183,""ver"":1}"
SIM184,"{""val"":184,""ver"":1}"
SIM185,"{""val"":185,""ver"":1}"
SIM186,"{""val"":186,""ver"":1}"
SIM187,"{""val"":187,""ver"":1}"
SIM188,"{""val"":188,""ver"":1}"
SIM189,"{""val"":189,""ver"":1}"
SIM19,"{""val"":19,""ver"":1}"
SIM190,"{""val"":190,""ver"":1}"
SIM191,"{""val"":191,""ver"":1}"
SIM192,"{""val"":192,""ver"":1}"
SIM193,"{""val"":193,""ver"":1}"
SIM194,"{""val"":194,""ver"":1}"
SIM195,"{""val"":195,""ver"":1}"
SIM196,"{""val"":196,""ver"":1}"
SIM197,"{""val"":197,""ver"":1}"
SIM198,"{""val"":198,""ver"":1}"
SIM199,"{""val"":199,""ver"":1}"
SIM2,"{""val"":2,""ver"":1}"
SIM20,"{""val"":20,""ver"":1}"
SIM200,"{""val"":200,""ver"":1}"
SIM201,"{""val"":201,""ver"":1}"
SIM202,"{""val"":202,""ver"":1}"
SIM203,"{""val"":203,""ver"":1}"
SIM204,"{""val"":204,""ver"":1}"
SIM205,"{""val"":205,""ver"":1}"
SIM206,"{""val"":206,""ver"":1}"
SIM207,"{""val"":207,""ver"":1}"
SIM208,"{""val"":208,""ver"":1}"
SIM209,"{""val"":209,""ver"":1}"
SIM21,"{""val"":21,""ver"":1}"
SIM210,"{""val"":210,""ver"":1}"
SIM211,"{""val"":211,""ver"":1}"
SIM212,"{""val"":212,""ver"":1}"
SIM213,"{""val"":213,""ver"":1}"
SIM214,"{""val"":214,""ver"":1}"
SIM215,"{""val"":215,""ver"":1}"
SIM216,"{""val"":216,""ver"":1}"
SIM217,"{""val"":217,""ver"":1}"
SIM218,"{""val"":218,""ver"":1}"
SIM219,"{""val"":219,""ver"":1}"
SIM22,"{""val"":22,""ver"":1}"
SIM220,"{""val"":220,""ver"":1}"
SIM221,"{""val"":221,""ver"":1}"
SIM222,"{""val"":222,""ver"":1}"
SIM223,"{""val"":223,""ver"":1}"
SIM224,"{""val"":224,""ver"":1}"
SIM225,"{""val"":225,""ver"":1}"
SIM226,"{""val"":226,""ver"":1}"
SIM227,"{""val"":227,""ver"":1}"
SIM228,"{""val"":228,""ver"":1}"
SIM229,"{""val"":229,""ver"":1}"
SIM23,"{""val"":23,""ver"":1}"
SIM230,"{""val"":230,""ver"":1}"
SIM231,"{""val"":231,""ver"":1}"
SIM232,"{""val"":232,""ver"":1}"
SIM233,"{""val"":233,""ver"":1}"
SIM234,"{""val"":234,""ver"":1}"
SIM235,"{""val"":235,""ver"":1}"
SIM236,"{""val"":236,""ver"":1}"
SIM237,"{""val"":237,""ver"":1}"
SIM238,"{""val"":238,""ver"":1}"
SIM239,"{""val"":239,""ver"":1}"
SIM24,"{""val"":24,""ver"":1}"
SIM240,"{""val"":240,""ver"":1}"
SIM241,"{""val"":241,""ver"":1}"
SIM242,"{""val"":242,""ver"":1}"
SIM243,"{""val"":243,""ver"":1}"
SIM244,"{""val"":244,""ver"":1}"
SIM245,"{""val"":245,""ver"":1}"
SIM246,"{""val"":246,""ver"":1}"
SIM247,"{""val"":247,""ver"":1}"
SIM248,"{""val"":248,""ver"":1}"
SIM249,"{""val"":249,""ver"":1}"
SIM25,"{""val"":25,""ver"":1}"
SIM250,"{""val"":250,""ver"":1}"
SIM251,"{""val"":251,""ver"":1}"
SIM252,"{""val"":252,""ver"":1}"
SIM253,"{""val"":253,""ver"":1}"
SIM254,"{""val"":254,""ver"":1}"
SIM255,"{""val"":255,""ver"":1}"
SIM256,"{""val"":256,""ver"":1}"
SIM257,"{""val"":257,""ver"":1}"
SIM258,"{""val"":258,""ver"":1}"
SIM259,"{""val"":259,""ver"":1}"
SIM26,"{""val"":26,""ver"":1}"
SIM260,"{""val"":260,""ver"":1}"
SIM261,"{""val"":261,""ver"":1}"
SIM262,"{""val"":262,""ver"":1}"
SIM263,"{""val"":263,""ver"":1}"
SIM264,"{""val"":264,""ver"":1}"
SIM265,"{""val"":265,""ver"":1}"
SIM266,"{""val"":266,""ver"":1}"
SIM267,"{""val"":267,""ver"":1}"
SIM268,"{""val"":268,""ver"":1}"
SIM269,"{""val"":269,""ver"":1}"
SIM27,"{""val"":27,""ver"":1}"
SIM270,"{""val"":270,""ver"":1}"
SIM271,"{""val"":271,""ver"":1}"
SIM272,"{""val"":272,""ver"":1}"
SIM273,"{""val"":273,""ver"":1}"
SIM274,"{""val"":274,""ver"":1}"
SIM275,"{""val"":275,""ver"":1}"
SIM276,"{""val"":276,""ver"":1}"
SIM277,"{""val"":277,""ver"":1}"
SIM278,"{""val"":278,""ver"":1}"
SIM279,"{""val"":279,""ver"":1}"
SIM28,"{""val"":28,""ver"":1}"
SIM280,"{""val"":280,""ver"":1}"
SIM281,"{""val"":281,""ver"":1}"
SIM282,"{""val"":282,""ver"":1}"
SIM283,"{""val"":283,""ver"":1}"
SIM284,"{""val"":284,""ver"":1}"
SIM285,"{""val"":285,""ver"":1}"
SIM286,"{""val"":286,""ver"":1}"
SIM287,"{""val"":287,""ver"":1}"
SIM288,"{""val"":288,""ver"":1}"
SIM289,"{""val"":289,""ver"":1}"
SIM29,"{""val"":29,""ver"":1}"
SIM290,"{""val"":290,""ver"":1}"
SIM291,"{""val"":291,""ver"":1}"
SIM292,"{""val"":292,""ver"":1}"
SIM293,"{""val"":293,""ver"":1}"
SIM294,"{""val"":294,""ver"":1}"
SIM295,"{""val"":295,""ver"":1}"
SIM296,"{""val"":296,""ver"":1}"
SIM297,"{""val"":297,""ver"":1}"
SIM298,"{""val"":298,""ver"":1}"
SIM299,"{""val"":299,""ver"":1}"
SIM3,"{""val"":3,""ver"":1}"
SIM30,"{""val"":30,""ver"":1}"
SIM300,"{""val"":300,""ver"":1}"
SIM301,"{""val"":301,""ver"":1}"
SIM302,"{""val"":302,""ver"":1}"
SIM303,"{""val"":303,""ver"":1}"
SIM304,"{""val"":304,""ver"":1}"
SIM305,"{""val"":305,""ver"":1}"
SIM306,"{""val"":306,""ver"":1}"
SIM307,"{""val"":307,""ver"":1}"
SIM308,"{""val"":308,""ver"":1}"
SIM309,"{""val"":309,""ver"":1}"
SIM31,"{""val"":31,""ver"":1}"
SIM310,"{""val"":310,""ver"":1}"
SIM311,"{""val"":311,""ver"":1}"
SIM312,"{""val"":312,""ver"":1}"
SIM313,"{""val"":313,""ver"":1}"
SIM314,"{""val"":314,""ver"":1}"
SIM315,"{""val"":315,""ver"":1}"
SIM316,"{""val"":316,""ver"":1}"
SIM317,"{""val"":317,""ver"":1}"
SIM318,"{""val"":318,""ver"":1}"
SIM319,"{""val"":319,""ver"":1}"
SIM32,"{""val"":32,""ver"":1}"
SIM320,"{""val"":320,""ver"":1}"
SIM321,"{""val"":321,""ver"":1}"
SIM322,"{""val"":322,""ver"":1}"
SIM323,"{""val"":323,""ver"":1}"
SIM324,"{""val"":324,""ver"":1}"
SIM325,"{""val"":325,""ver"":1}"
SIM326,"{""val"":326,""ver"":1}"
SIM327,"{""val"":327,""ver"":1}"
SIM328,"{""val"":328,""ver"":1}"
SIM329,"{""val"":329,""ver"":1}"
SIM33,"{""val"":33,""ver"":1}"
SIM330,"{""val"":330,""ver"":1}"
SIM331,"{""val"":331,""ver"":1}"
SIM332,"{""val"":332,""ver"":1}"
SIM333,"{""val"":333,""ver"":1}"
SIM334,"{""val"":334,""ver"":1}"
SIM335,"{""val"":335,""ver"":1}"
SIM336,"{""val"":336,""ver"":1}"
SIM337,"{""val"":337,""ver"":1}"
SIM338,"{""val"":338,""ver"":1}"
SIM339,"{""val"":339,""ver"":1}"
SIM34,"{""val"":34,""ver"":1}"
SIM340,"{""val"":340,""ver"":1}"
SIM341,"{""val"":341,""ver"":1}"
SIM342,"{""val"":342,""ver"":1}"
SIM343,"{""val"":343,""ver"":1}"
SIM344,"{""val"":344,""ver"":1}"
SIM345,"{""val"":345,""ver"":1}"
SIM346,"{""val"":346,""ver"":1}"
SIM347,"{""val"":347,""ver"":1}"
SIM348,"{""val"":348,""ver"":1}"
SIM349,"{""val"":349,""ver"":1}"
SIM35,"{""val"":35,""ver"":1}"
SIM350,"{""val"":350,""ver"":1}"
SIM351,"{""val"":351,""ver"":1}"
SIM352,"{""val"":352,""ver"":1}"
SIM353,"{""val"":353,""ver"":1}"
SIM354,"{""val"":354,""ver"":1}"
SIM355,"{""val"":355,""ver"":1}"
SIM356,"{""val"":356,""ver"":1}"
SIM357,"{""val"":357,""ver"":1}"
SIM358,"{""val"":358,""ver"":1}"
SIM359,"{""val"":359,""ver"":1}"
SIM36,"{""val"":36,""ver"":1}"
SIM360,"{""val"":360,""ver"":1}"
SIM361,"{""val"":361,""ver"":1}"
SIM362,"{""val"":362,""ver"":1}"
SIM363,"{""val"":363,""ver"":1}"
SIM364,"{""val"":364,""ver"":1}"
SIM365,"{""val"":365,""ver"":1}"
SIM366,"{""val"":366,""ver"":1}"
SIM367,"{""val"":367,""ver"":1}"
SIM368,"{""val"":368,""ver"":1}"
SIM369,"{""val"":369,""ver"":1}"
SIM37,"{""val"":37,""ver"":1}"
SIM370,"{""val"":370,""ver"":1}"
SIM371,"{""val"":371,""ver"":1}"
SIM372,"{""val"":372,""ver"":1}"
SIM373,"{""val"":373,""ver"":1}"
SIM374,"{""val"":374,""ver"":1}"
SIM375,"{""val"":375,""ver"":1}"
SIM376,"{""val"":376,""ver"":1}"
SIM377,"{""val"":377,""ver"":1}"
SIM378,"{""val"":378,""ver"":1}"
SIM379,"{""val"":379,""ver"":1}"
SIM38,"{""val"":38,""ver"":1}"
SIM380,"{""val"":380,""ver"":1}"
SIM381,"{""val"":381,""ver"":1}"
SIM382,"{""val"":382,""ver"":1}"
SIM383,"{""val"":383,""ver"":1}"
SIM384,"{""val"":384,""ver"":1}"
SIM385,"{""val"":385,""ver"":1}"
SIM386,"{""val"":386,""ver"":1}"
SIM387,"{""val"":387,""ver"":1}"
SIM388,"{""val"":388,""ver"":1}"
SIM389,"{""val"":389,""ver"":1}"
SIM39,"{""val"":39,""ver"":1}"
SIM390,"{""val"":390,""ver"":1}"
SIM391,"{""val"":391,""ver"":1}"
SIM392,"{""val"":392,""ver"":1}"
SIM393,"{""val"":393,""ver"":1}"
SIM394,"{""val"":394,""ver"":1}"
SIM395,"{""val"":395,""ver"":1}"
SIM396,"{""val"":396,""ver"":1}"
SIM397,"{""val"":397,""ver"":1}"
SIM398,"{""val"":398,""ver"":1}"
SIM399,"{""val"":399,""ver"":1}"
SIM4,"{""val"":4,""ver"":1}"
SIM40,"{""val"":40,""ver"":1}"
SIM400,"{""val"":400,""ver"":1}"
SIM401,"{""val"":401,""ver"":1}"
SIM402,"{""val"":402,""ver"":1}"
SIM403,"{""val"":403,""ver"":1}"
SIM404,"{""val"":404,""ver"":1}"
SIM405,"{""val"":405,""ver"":1}"
SIM406,"{""val"":406,""ver"":1}"
SIM407,"{""val"":407,""ver"":1}"
SIM408,"{""val"":408,""ver"":1}"
SIM409,"{""val"":409,""ver"":1}"
SIM41,"{""val"":41,""ver"":1}"
SIM410,"{""val"":410,""ver"":1}"
SIM411,"{""val"":411,""ver"":1}"
SIM412,"{""val"":412,""ver"":1}"
SIM413,"{""val"":413,""ver"":1}"
SIM414,"{""val"":414,""ver"":1}"
SIM415,"{""val"":415,""ver"":1}"
SIM416,"{""val"":416,""ver"":1}"
SIM417,"{""val"":417,""ver"":1}"
SIM418,"{""val"":418,""ver"":1}"
SIM419,"{""val"":419,""ver"":1}"
SIM42,"{""val"":42,""ver"":1}"
SIM420,"{""val"":420,""ver"":1}"
SIM421,"{""val"":421,""ver"":1}"
SIM422,"{""val"":422,""ver"":1}"
SIM423,"{""val"":423,""ver"":1}"
SIM424,"{""val"":424,""ver"":1}"
SIM425,"{""val"":425,""ver"":1}"
SIM426,"{""val"":426,""ver"":1}"
SIM427,"{""val"":427,""ver"":1}"
SIM428,"{""val"":428,""ver"":1}"
SIM429,"{""val"":429,""ver"":1}"
SIM43,"{""val"":43,""ver"":1}"
SIM430,"{""val"":430,""ver"":1}"
SIM431,"{""val"":431,""ver"":1}"
SIM432,"{""val"":432,""ver"":1}"
SIM433,"{""val"":433,""ver"":1}"
SIM434,"{""val"":434,""ver"":1}"
SIM435,"{""val"":435,""ver"":1}"
SIM436,"{""val"":436,""ver"":1}"
SIM437,"{""val"":437,""ver"":1}"
SIM438,"{""val"":438,""ver"":1}"
SIM439,"{""val"":439,""ver"":1}"
SIM44,"{""val"":44,""ver"":1}"
SIM440,"{""val"":440,""ver"":1}"
SIM441,"{""val"":441,""ver"":1}"
SIM442,"{""val"":442,""ver"":1}"
SIM443,"{""val"":443,""ver"":1}"
SIM444,"{""val"":444,""ver"":1}"
SIM445,"{""val"":445,""ver"":1}"
SIM446,"{""val"":446,""ver"":1}"
SIM447,"{""val"":447,""ver"":1}"
SIM448,"{""val"":448,""ver"":1}"
SIM449,"{""val"":449,""ver"":1}"
SIM45,"{""val"":45,""ver"":1}"
SIM450,"{""val"":450,""ver"":1}"
SIM451,"{""val"":451,""ver"":1}"
SIM452,"{""val"":452,""ver"":1}"
SIM453,"{""val"":453,""ver"":1}"
SIM454,"{""val"":454,""ver"":1}"
SIM455,"{""val"":455,""ver"":1}"
SIM456,"{""val"":456,""ver"":1}"
SIM457,"{""val"":457,""ver"":1}"
SIM458,"{""val"":458,""ver"":1}"
SIM459,"{""val"":459,""ver"":1}"
SIM46,"{""val"":46,""ver"":1}"
SIM460,"{""val"":460,""ver"":1}"
SIM461,"{""val"":461,""ver"":1}"
SIM462,"{""val"":462,""ver"":1}"
SIM463,"{""val"":463,""ver"":1}"
SIM464,"{""val"":464,""ver"":1}"
SIM465,"{""val"":465,""ver"":1}"
SIM466,"{""val"":466,""ver"":1}"
SIM467,"{""val"":467,""ver"":1}"
SIM468,"{""val"":468,""ver"":1}"
SIM469,"{""val"":469,""ver"":1}"
SIM47,"{""val"":47,""ver"":1}"
SIM470,"{""val"":470,""ver"":1}"
SIM471,"{""val"":471,""ver"":1}"
SIM472,"{""val"":472,""ver"":1}"
SIM473,"{""val"":473,""ver"":1}"
SIM474,"{""val"":474,""ver"":1}"
SIM475,"{""val"":475,""ver"":1}"
SIM476,"{""val"":476,""ver"":1}"
SIM477,"{""val"":477,""ver"":1}"
SIM478,"{""val"":478,""ver"":1}"
SIM479,"{""val"":479,""ver"":1}"
SIM48,"{""val"":48,""ver"":1}"
SIM480,"{""val"":480,""ver"":1}"
SIM481,"{""val"":481,""ver"":1}"
SIM482,"{""val"":482,""ver"":1}"
SIM483,"{""val"":483,""ver"":1}"
SIM484,"{""val"":484,""ver"":1}"
SIM485,"{""val"":485,""ver"":1}"
SIM486,"{""val"":486,""ver"":1}"
SIM487,"{""val"":487,""ver"":1}"
SIM488,"{""val"":488,""ver"":1}"
SIM489,"{""val"":489,""ver"":1}"
SIM49,"{""val"":49,""ver"":1}"
SIM490,"{""val"":490,""ver"":1}"
SIM491,"{""val"":491,""ver"":1}"
SIM492,"{""val"":492,""ver"":1}"
SIM493,"{""val"":493,""ver"":1}"
SIM494,"{""val"":494,""ver"":1}"
SIM495,"{""val"":495,""ver"":1}"
SIM496,"{""val"":496,""ver"":1}"
SIM497,"{""val"":497,""ver"":1}"
SIM498,"{""val"":498,""ver"":1}"
SIM499,"{""val"":499,""ver"":1}"
SIM5,"{""val"":5,""ver"":1}"
SIM50,"{""val"":50,""ver"":1}"
SIM500,"{""val"":500,""ver"":1}"
SIM501,"{""val"":501,""ver"":1}"
SIM502,"{""val"":502,""ver"":1}"
SIM503,"{""val"":503,""ver"":1}"
SIM504,"{""val"":504,""ver"":1}"
SIM505,"{""val"":505,""ver"":1}"
SIM506,"{""val"":506,""ver"":1}"
SIM507,"{""val"":507,""ver"":1}"
SIM508,"{""val"":508,""ver"":1}"
SIM509,"{""val"":509,""ver"":1}"
SIM51,"{""val"":51,""ver"":1}"
SIM510,"{""val"":510,""ver"":1}"
SIM511,"{""val"":511,""ver"":1}"
SIM512,"{""val"":512,""ver"":1}"
SIM513,"{""val"":513,""ver"":1}"
SIM514,"{""val"":514,""ver"":1}"
SIM515,"{""val"":515,""ver"":1}"
SIM516,"{""val"":516,""ver"":1}"
SIM517,"{""val"":517,""ver"":1}"
SIM518,"{""val"":518,""ver"":1}"
SIM519,"{""val"":519,""ver"":1}"
SIM52,"{""val"":52,""ver"":1}"
SIM520,"{""val"":520,""ver"":1}"
SIM521,"{""val"":521,""ver"":1}"
SIM522,"{""val"":522,""ver"":1}"
SIM523,"{""val"":523,""ver"":1}"
SIM524,"{""val"":524,""ver"":1}"
SIM525,"{""val"":525,""ver"":1}"
SIM526,"{""val"":526,""ver"":1}"
SIM527,"{""val"":527,""ver"":1}"
SIM528,"{""val"":528,""ver"":1}"
SIM529,"{""val"":529,""ver"":1}"
SIM53,"{""val"":53,""ver"":1}"
SIM530,"{""val"":530,""ver"":1}"
SIM531,"{""val"":531,""ver"":1}"
SIM532,"{""val"":532,""ver"":1}"
SIM533,"{""val"":533,""ver"":1}"
SIM534,"{""val"":534,""ver"":1}"
SIM535,"{""val"":535,""ver"":1}"
SIM536,"{""val"":536,""ver"":1}"
SIM537,"{""val"":537,""ver"":1}"
SIM538,"{""val"":538,""ver"":1}"
SIM539,"{""val"":539,""ver"":1}"
SIM54,"{""val"":54,""ver"":1}"
SIM540,"{""val"":540,""ver"":1}"
SIM541,"{""val"":541,""ver"":1}"
SIM542,"{""val"":542,""ver"":1}"
SIM543,"{""val"":543,""ver"":1}"
SIM544,"{""val"":544,""ver"":1}"
SIM545,"{""val"":545,""ver"":1}"
SIM546,"{""val"":546,""ver"":1}"
SIM547,"{""val"":547,""ver"":1}"
SIM548,"{""val"":548,""ver"":1}"
SIM549,"{""val"":549,""ver"":1}"
SIM55,"{""val"":55,""ver"":1}"
SIM550,"{""val"":550,""ver"":1}"
SIM551,"{""val"":551,""ver"":1}"
SIM552,"{""val"":552,""ver"":1}"
SIM553,"{""val"":553,""ver"":1}"
SIM554,"{""val"":554,""ver"":1}"
SIM555,"{""val"":555,""ver"":1}"
SIM556,"{""val"":556,""ver"":1}"
SIM557,"{""val"":557,""ver"":1}"
SIM558,"{""val"":558,""ver"":1}"
SIM559,"{""val"":559,""ver"":1}"
SIM56,"{""val"":56,""ver"":1}"
SIM560,"{""val"":560,""ver"":1}"
SIM561,"{""val"":561,""ver"":1}"
SIM562,"{""val"":562,""ver"":1}"
SIM563,"{""val"":563,""ver"":1}"
SIM564,"{""val"":564,""ver"":1}"
SIM565,"{""val"":565,""ver"":1}"
SIM566,"{""val"":566,""ver"":1}"
SIM567,"{""val"":567,""ver"":1}"
SIM568,"{""val"":568,""ver"":1}"
SIM569,"{""val"":569,""ver"":1}"
SIM57,"{""val"":57,""ver"":1}"
SIM570,"{""val"":570,""ver"":1}"
SIM571,"{""val"":571,""ver"":1}"
SIM572,"{""val"":572,""ver"":1}"
SIM573,"{""val"":573,""ver"":1}"
SIM574,"{""val"":574,""ver"":1}"
SIM575,"{""val"":575,""ver"":1}"
SIM576,"{""val"":576,""ver"":1}"
SIM577,"{""val"":577,""ver"":1}"
SIM578,"{""val"":578,""ver"":1}"
SIM579,"{""val"":579,""ver"":1}"
SIM58,"{""val"":58,""ver"":1}"
SIM580,"{""val"":580,""ver"":1}"
SIM581,"{""val"":581,""ver"":1}"
SIM582,"{""val"":582,""ver"":1}"
SIM583,"{""val"":583,""ver"":1}"
SIM584,"{""val"":584,""ver"":1}"
SIM585,"{""val"":585,""ver"":1}"
SIM586,"{""val"":586,""ver"":1}"
SIM587,"{""val"":587,""ver"":1}"
SIM588,"{""val"":588,""ver"":1}"
SIM589,"{""val"":589,""ver"":1}"
SIM59,"{""val"":59,""ver"":1}"
SIM590,"{""val"":590,""ver"":1}"
SIM591,"{""val"":591,""ver"":1}"
SIM592,"{""val"":592,""ver"":1}"
SIM593,"{""val"":593,""ver"":1}"
SIM594,"{""val"":594,""ver"":1}"
SIM595,"{""val"":595,""ver"":1}"
SIM596,"{""val"":596,""ver"":1}"
SIM597,"{""val"":597,""ver"":1}"
SIM598,"{""val"":598,""ver"":1}"
SIM599,"{""val"":599,""ver"":1}"
SIM6,"{""val"":6,""ver"":1}"
SIM60,"{""val"":60,""ver"":1}"
SIM600,"{""val"":600,""ver"":1}"
SIM601,"{""val"":601,""ver"":1}"
SIM602,"{""val"":602,""ver"":1}"
SIM603,"{""val"":603,""ver"":1}"
SIM604,"{""val"":604,""ver"":1}"
SIM605,"{""val"":605,""ver"":1}"
SIM606,"{""val"":606,""ver"":1}"
SIM607,"{""val"":607,""ver"":1}"
SIM608,"{""val"":608,""ver"":1}"
SIM609,"{""val"":609,""ver"":1}"
SIM61,"{""val"":61,""ver"":1}"
SIM610,"{""val"":610,""ver"":1}"
SIM611,"{""val"":611,""ver"":1}"
SIM612,"{""val"":612,""ver"":1}"
SIM613,"{""val"":613,""ver"":1}"
SIM614,"{""val"":614,""ver"":1}"
SIM615,"{""val"":615,""ver"":1}"
SIM616,"{""val"":616,""ver"":1}"
SIM617,"{""val"":617,""ver"":1}"
SIM618,"{""val"":618,""ver"":1}"
SIM619,"{""val"":619,""ver"":1}"
SIM62,"{""val"":62,""ver"":1}"
SIM620,"{""val"":620,""ver"":1}"
SIM621,"{""val"":621,""ver"":1}"
SIM622,"{""val"":622,""ver"":1}"
SIM623,"{""val"":623,""ver"":1}"
SIM624,"{""val"":624,""ver"":1}"
SIM625,"{""val"":625,""ver"":1}"
SIM626,"{""val"":626,""ver"":1}"
SIM627,"{""val"":627,""ver"":1}"
SIM628,"{""val"":628,""ver"":1}"
SIM629,"{""val"":629,""ver"":1}"
SIM63,"{""val"":63,""ver"":1}"
SIM630,"{""val"":630,""ver"":1}"
SIM631,"{""val"":631,""ver"":1}"
SIM632,"{""val"":632,""ver"":1}"
SIM633,"{""val"":633,""ver"":1}"
SIM634,"{""val"":634,""ver"":1}"
SIM635,"{""val"":635,""ver"":1}"
SIM636,"{""val"":636,""ver"":1}"
SIM637,"{""val"":637,""ver"":1}"
SIM638,"{""val"":638,""ver"":1}"
SIM639,"{""val"":639,""ver"":1}"
SIM64,"{""val"":64,""ver"":1}"
SIM640,"{""val"":640,""ver"":1}"
SIM641,"{""val"":641,""ver"":1}"
SIM642,"{""val"":642,""ver"":1}"
SIM643,"{""val"":643,""ver"":1}"
SIM644,"{""val"":644,""ver"":1}"
SIM645,"{""val"":645,""ver"":1}"
SIM646,"{""val"":646,""ver"":1}"
SIM647,"{""val"":647,""ver"":1}"
SIM648,"{""val"":648,""ver"":1}"
SIM649,"{""val"":649,""ver"":1}"
SIM65,"{""val"":65,""ver"":1}"
SIM650,"{""val"":650,""ver"":1}"
SIM651,"{""val"":651,""ver"":1}"
SIM652,"{""val"":652,""ver"":1}"
SIM653,"{""val"":653,""ver"":1}"
SIM654,"{""val"":654,""ver"":1}"
SIM655,"{""val"":655,""ver"":1}"
SIM656,"{""val"":656,""ver"":1}"
SIM657,"{""val"":657,""ver"":1}"
SIM658,"{""val"":658,""ver"":1}"
SIM659,"{""val"":659,""ver"":1}"
SIM66,"{""val"":66,""ver"":1}"
SIM660,"{""val"":660,""ver"":1}"
SIM661,"{""val"":661,""ver"":1}"
SIM662,"{""val"":662,""ver"":1}"
SIM663,"{""val"":663,""ver"":1}"
SIM664,"{""val"":664,""ver"":1}"
SIM665,"{""val"":665,""ver"":1}"
SIM666,"{""val"":666,""ver"":1}"
SIM667,"{""val"":667,""ver"":1}"
SIM668,"{""val"":668,""ver"":1}"
SIM669,"{""val"":669,""ver"":1}"
SIM67,"{""val"":67,""ver"":1}"
SIM670,"{""val"":670,""ver"":1}"
SIM671,"{""val"":671,""ver"":1}"
SIM672,"{""val"":672,""ver"":1}"
SIM673,"{""val"":673,""ver"":1}"
SIM674,"{""val"":674,""ver"":1}"
SIM675,"{""val"":675,""ver"":1}"
SIM676,"{""val"":676,""ver"":1}"
SIM677,"{""val"":677,""ver"":1}"
SIM678,"{""val"":678,""ver"":1}"
SIM679,"{""val"":679,""ver"":1}"
SIM68,"{""val"":68,""ver"":1}"
SIM680,"{""val"":680,""ver"":1}"
SIM681,"{""val"":681,""ver"":1}"
SIM682,"{""val"":682,""ver"":1}"
SIM683,"{""val"":683,""ver"":1}"
SIM684,"{""val"":684,""ver"":1}"
SIM685,"{""val"":685,""ver"":1}"
SIM686,"{""val"":686,""ver"":1}"
SIM687,"{""val"":687,""ver"":1}"
SIM688,"{""val"":688,""ver"":1}"
SIM689,"{""val"":689,""ver"":1}"
SIM69,"{""val"":69,""ver"":1}"
SIM690,"{""val"":690,""ver"":1}"
SIM691,"{""val"":691,""ver"":1}"
SIM692,"{""val"":692,""ver"":1}"
SIM693,"{""val"":693,""ver"":1}"
SIM694,"{""val"":694,""ver"":1}"
SIM695,"{""val"":695,""ver"":1}"
SIM696,"{""val"":696,""ver"":1}"
SIM697,"{""val"":697,""ver"":1}"
SIM698,"{""val"":698,""ver"":1}"
SIM699,"{""val"":699,""ver"":1}"
SIM7,"{""val"":7,""ver"":1}"
SIM70,"{""val"":70,""ver"":1}"
SIM700,"{""val"":700,""ver"":1}"
SIM701,"{""val"":701,""ver"":1}"
SIM702,"{""val"":702,""ver"":1}"
SIM703,"{""val"":703,""ver"":1}"
SIM704,"{""val"":704,""ver"":1}"
SIM705,"{""val"":705,""ver"":1}"
SIM706,"{""val"":706,""ver"":1}"
SIM707,"{""val"":707,""ver"":1}"
SIM708,"{""val"":708,""ver"":1}"
SIM709,"{""val"":709,""ver"":1}"
SIM71,"{""val"":71,""ver"":1}"
SIM710,"{""val"":710,""ver"":1}"
SIM711,"{""val"":711,""ver"":1}"
SIM712,"{""val"":712,""ver"":1}"
SIM713,"{""val"":713,""ver"":1}"
SIM714,"{""val"":714,""ver"":1}"
SIM715,"{""val"":715,""ver"":1}"
SIM716,"{""val"":716,""ver"":1}"
SIM717,"{""val"":717,""ver"":1}"
SIM718,"{""val"":718,""ver"":1}"
SIM719,"{""val"":719,""ver"":1}"
SIM72,"{""val"":72,""ver"":1}"
SIM720,"{""val"":720,""ver"":1}"
SIM721,"{""val"":721,""ver"":1}"
SIM722,"{""val"":722,""ver"":1}"
SIM723,"{""val"":723,""ver"":1}"
SIM724,"{""val"":724,""ver"":1}"
SIM725,"{""val"":725,""ver"":1}"
SIM726,"{""val"":726,""ver"":1}"
SIM727,"{""val"":727,""ver"":1}"
SIM728,"{""val"":728,""ver"":1}"
SIM729,"{""val"":729,""ver"":1}"
SIM73,"{""val"":73,""ver"":1}"
SIM730,"{""val"":730,""ver"":1}"
SIM731,"{""val"":731,""ver"":1}"
SIM732,"{""val"":732,""ver"":1}"
SIM733,"{""val"":733,""ver"":1}"
SIM734,"{""val"":734,""ver"":1}"
SIM735,"{""val"":735,""ver"":1}"
SIM736,"{""val"":736,""ver"":1}"
SIM737,"{""val"":737,""ver"":1}"
SIM738,"{""val"":738,""ver"":1}"
SIM739,"{""val"":739,""ver"":1}"
SIM74,"{""val"":74,""ver"":1}"
SIM740,"{""val"":740,""ver"":1}"
SIM741,"{""val"":741,""ver"":1}"
SIM742,"{""val"":742,""ver"":1}"
SIM743,"{""val"":743,""ver"":1}"
SIM744,"{""val"":744,""ver"":1}"
SIM745,"{""val"":745,""ver"":1}"
SIM746,"{""val"":746,""ver"":1}"
SIM747,"{""val"":747,""ver"":1}"
SIM748,"{""val"":748,""ver"":1}"
SIM749,"{""val"":749,""ver"":1}"
SIM75,"{""val"":75,""ver"":1}"
SIM750,"{""val"":750,""ver"":1}"
SIM751,"{""val"":751,""ver"":1}"
SIM752,"{""val"":752,""ver"":1}"
SIM753,"{""val"":753,""ver"":1}"
SIM754,"{""val"":754,""ver"":1}"
SIM755,"{""val"":755,""ver"":1}"
SIM756,"{""val"":756,""ver"":1}"
SIM757,"{""val"":757,""ver"":1}"
SIM758,"{""val"":758,""ver"":1}"
SIM759,"{""val"":759,""ver"":1}"
SIM76,"{""val"":76,""ver"":1}"
SIM760,"{""val"":760,""ver"":1}"
SIM761,"{""val"":761,""ver"":1}"
SIM762,"{""val"":762,""ver"":1}"
SIM763,"{""val"":763,""ver"":1}"
SIM764,"{""val"":764,""ver"":1}"
SIM765,"{""val"":765,""ver"":1}"
SIM766,"{""val"":766,""ver"":1}"
SIM767,"{""val"":767,""ver"":1}"
SIM768,"{""val"":768,""ver"":1}"
SIM769,"{""val"":769,""ver"":1}"
SIM77,"{""val"":77,""ver"":1}"
SIM770,"{""val"":770,""ver"":1}"
SIM771,"{""val"":771,""ver"":1}"
SIM772,"{""val"":772,""ver"":1}"
SIM773,"{""val"":773,""ver"":1}"
SIM774,"{""val"":774,""ver"":1}"
SIM775,"{""val"":775,""ver"":1}"
SIM776,"{""val"":776,""ver"":1}"
SIM777,"{""val"":777,""ver"":1}"
SIM778,"{""val"":778,""ver"":1}"
SIM779,"{""val"":779,""ver"":1}"
SIM78,"{""val"":78,""ver"":1}"
SIM780,"{""val"":780,""ver"":1}"
SIM781,"{""val"":781,""ver"":1}"
SIM782,"{""val"":782,""ver"":1}"
SIM783,"{""val"":783,""ver"":1}"
SIM784,"{""val"":784,""ver"":1}"
SIM785,"{""val"":785,""ver"":1}"
SIM786,"{""val"":786,""ver"":1}"
SIM787,"{""val"":787,""ver"":1}"
SIM788,"{""val"":788,""ver"":1}"
SIM789,"{""val"":789,""ver"":1}"
SIM79,"{""val"":79,""ver"":1}"
SIM790,"{""val"":790,""ver"":1}"
SIM791,"{""val"":791,""ver"":1}"
SIM792,"{""val"":792,""ver"":1}"
SIM793,"{""val"":793,""ver"":1}"
SIM794,"{""val"":794,""ver"":1}"
SIM795,"{""val"":795,""ver"":1}"
SIM796,"{""val"":796,""ver"":1}"
SIM797,"{""val"":797,""ver"":1}"
SIM798,"{""val"":798,""ver"":1}"
SIM799,"{""val"":799,""ver"":1}"
SIM8,"{""val"":8,""ver"":1}"
SIM80,"{""val"":80,""ver"":1}"
SIM800,"{""val"":800,""ver"":1}"
SIM801,"{""val"":801,""ver"":1}"
SIM802,"{""val"":802,""ver"":1}"
SIM803,"{""val"":803,""ver"":1}"
SIM804,"{""val"":804,""ver"":1}"
SIM805,"{""val"":805,""ver"":1}"
SIM806,"{""val"":806,""ver"":1}"
SIM807,"{""val"":807,""ver"":1}"
SIM808,"{""val"":808,""ver"":1}"
SIM809,"{""val"":809,""ver"":1}"
SIM81,"{""val"":81,""ver"":1}"
SIM810,"{""val"":810,""ver"":1}"
SIM811,"{""val"":811,""ver"":1}"
SIM812,"{""val"":812,""ver"":1}"
SIM813,"{""val"":813,""ver"":1}"
SIM814,"{""val"":814,""ver"":1}"
SIM815,"{""val"":815,""ver"":1}"
SIM816,"{""val"":816,""ver"":1}"
SIM817,"{""val"":817,""ver"":1}"
SIM818,"{""val"":818,""ver"":1}"
SIM819,"{""val"":819,""ver"":1}"
SIM82,"{""val"":82,""ver"":1}"
SIM820,"{""val"":820,""ver"":1}"
SIM821,"{""val"":821,""ver"":1}"
SIM822,"{""val"":822,""ver"":1}"
SIM823,"{""val"":823,""ver"":1}"
SIM824,"{""val"":824,""ver"":1}"
SIM825,"{""val"":825,""ver"":1}"
SIM826,"{""val"":826,""ver"":1}"
SIM827,"{""val"":827,""ver"":1}"
SIM828,"{""val"":828,""ver"":1}"
SIM829,"{""val"":829,""ver"":1}"
SIM83,"{""val"":83,""ver"":1}"
SIM830,"{""val"":830,""ver"":1}"
SIM831,"{""val"":831,""ver"":1}"
SIM832,"{""val"":832,""ver"":1}"
SIM833,"{""val"":833,""ver"":1}"
SIM834,"{""val"":834,""ver"":1}"
SIM835,"{""val"":835,""ver"":1}"
SIM836,"{""val"":836,""ver"":1}"
SIM837,"{""val"":837,""ver"":1}"
SIM838,"{""val"":838,""ver"":1}"
SIM839,"{""val"":839,""ver"":1}"
SIM84,"{""val"":84,""ver"":1}"
SIM840,"{""val"":840,""ver"":1}"
SIM841,"{""val"":841,""ver"":1}"
SIM842,"{""val"":842,""ver"":1}"
SIM843,"{""val"":843,""ver"":1}"
SIM844,"{""val"":844,""ver"":1}"
SIM845,"{""val"":845,""ver"":1}"
SIM846,"{""val"":846,""ver"":1}"
SIM847,"{""val"":847,""ver"":1}"
SIM848,"{""val"":848,""ver"":1}"
SIM849,"{""val"":849,""ver"":1}"
SIM85,"{""val"":85,""ver"":1}"
SIM850,"{""val"":850,""ver"":1}"
SIM851,"{""val"":851,""ver"":1}"
SIM852,"{""val"":852,""ver"":1}"
SIM853,"{""val"":853,""ver"":1}"
SIM854,"{""val"":854,""ver"":1}"
SIM855,"{""val"":855,""ver"":1}"
SIM856,"{""val"":856,""ver"":1}"
SIM857,"{""val"":857,""ver"":1}"
SIM858,"{""val"":858,""ver"":1}"
SIM859,"{""val"":859,""ver"":1}"
SIM86,"{""val"":86,""ver"":1}"
SIM860,"{""val"":860,""ver"":1}"
SIM861,"{""val"":861,""ver"":1}"
SIM862,"{""val"":862,""ver"":1}"
SIM863,"{""val"":863,""ver"":1}"
SIM864,"{""val"":864,""ver"":1}"
SIM865,"{""val"":865,""ver"":1}"
SIM866,"{""val"":866,""ver"":1}"
SIM867,"{""val"":867,""ver"":1}"
SIM868,"{""val"":868,""ver"":1}"
SIM869,"{""val"":869,""ver"":1}"
SIM87,"{""val"":87,""ver"":1}"
SIM870,"{""val"":870,""ver"":1}"
SIM871,"{""val"":871,""ver"":1}"
SIM872,"{""val"":872,""ver"":1}"
SIM873,"{""val"":873,""ver"":1}"
SIM874,"{""val"":874,""ver"":1}"
SIM875,"{""val"":875,""ver"":1}"
SIM876,"{""val"":876,""ver"":1}"
SIM877,"{""val"":877,""ver"":1}"
SIM878,"{""val"":878,""ver"":1}"
SIM879,"{""val"":879,""ver"":1}"
SIM88,"{""val"":88,""ver"":1}"
SIM880,"{""val"":880,""ver"":1}"
SIM881,"{""val"":881,""ver"":1}"
SIM882,"{""val"":882,""ver"":1}"
SIM883,"{""val"":883,""ver"":1}"
SIM884,"{""val"":884,""ver"":1}"
SIM885,"{""val"":885,""ver"":1}"
SIM886,"{""val"":886,""ver"":1}"
SIM887,"{""val"":887,""ver"":1}"
SIM888,"{""val"":888,""ver"":1}"
SIM889,"{""val"":889,""ver"":1}"
SIM89,"{""val"":89,""ver"":1}"
SIM890,"{""val"":890,""ver"":1}"
SIM891,"{""val"":891,""ver"":1}"
SIM892,"{""val"":892,""ver"":1}"
SIM893,"{""val"":893,""ver"":1}"
SIM894,"{""val"":894,""ver"":1}"
SIM895,"{""val"":895,""ver"":1}"
SIM896,"{""val"":896,""ver"":1}"
SIM897,"{""val"":897,""ver"":1}"
SIM898,"{""val"":898,""ver"":1}"
SIM899,"{""val"":899,""ver"":1}"
SIM9,"{""val"":9,""ver"":1}"
SIM90,"{""val"":90,""ver"":1}"
SIM900,"{""val"":900,""ver"":1}"
SIM901,"{""val"":901,""ver"":1}"
SIM902,"{""val"":902,""ver"":1}"
SIM903,"{""val"":903,""ver"":1}"
SIM904,"{""val"":904,""ver"":1}"
SIM905,"{""val"":905,""ver"":1}"
SIM906,"{""val"":906,""ver"":1}"
SIM907,"{""val"":907,""ver"":1}"
SIM908,"{""val"":908,""ver"":1}"
SIM909,"{""val"":909,""ver"":1}"
SIM91,"{""val"":91,""ver"":1}"
SIM910,"{""val"":910,""ver"":1}"
SIM911,"{""val"":911,""ver"":1}"
SIM912,"{""val"":912,""ver"":1}"
SIM913,"{""val"":913,""ver"":1}"
SIM914,"{""val"":914,""ver"":1}"
SIM915,"{""val"":915,""ver"":1}"
SIM916,"{""val"":916,""ver"":1}"
SIM917,"{""val"":917,""ver"":1}"
SIM918,"{""val"":918,""ver"":1}"
SIM919,"{""val"":919,""ver"":1}"
SIM92,"{""val"":92,""ver"":1}"
SIM920,"{""val"":920,""ver"":1}"
SIM921,"{""val"":921,""ver"":1}"
SIM922,"{""val"":922,""ver"":1}"
SIM923,"{""val"":923,""ver"":1}"
SIM924,"{""val"":924,""ver"":1}"
SIM925,"{""val"":925,""ver"":1}"
SIM926,"{""val"":926,""ver"":1}"
SIM927,"{""val"":927,""ver"":1}"
SIM928,"{""val"":928,""ver"":1}"
SIM929,"{""val"":929,""ver"":1}"
SIM93,"{""val"":93,""ver"":1}"
SIM930,"{""val"":930,""ver"":1}"
SIM931,"{""val"":931,""ver"":1}"
SIM932,"{""val"":932,""ver"":1}"
SIM933,"{""val"":933,""ver"":1}"
SIM934,"{""val"":934,""ver"":1}"
SIM935,"{""val"":935,""ver"":1}"
SIM936,"{""val"":936,""ver"":1}"
SIM937,"{""val"":937,""ver"":1}"
SIM938,"{""val"":938,""ver"":1}"
SIM939,"{""val"":939,""ver"":1}"
SIM94,"{""val"":94,""ver"":1}"
SIM940,"{""val"":940,""ver"":1}"
SIM941,"{""val"":941,""ver"":1}"
SIM942,"{""val"":942,""ver"":1}"
SIM943,"{""val"":943,""ver"":1}"
SIM944,"{""val"":944,""ver"":1}"
SIM945,"{""val"":945,""ver"":1}"
SIM946,"{""val"":946,""ver"":1}"
SIM947,"{""val"":947,""ver"":1}"
SIM948,"{""val"":948,""ver"":1}"
SIM949,"{""val"":949,""ver"":1}"
SIM95,"{""val"":95,""ver"":1}"
SIM950,"{""val"":950,""ver"":1}"
SIM951,"{""val"":951,""ver"":1}"
SIM952,"{""val"":952,""ver"":1}"
SIM953,"{""val"":953,""ver"":1}"
SIM954,"{""val"":954,""ver"":1}"
SIM955,"{""val"":955,""ver"":1}"
SIM956,"{""val"":956,""ver"":1}"
SIM957,"{""val"":957,""ver"":1}"
SIM958,"{""val"":958,""ver"":1}"
SIM959,"{""val"":959,""ver"":1}"
SIM96,"{""val"":96,""ver"":1}"
SIM960,"{""val"":960,""ver"":1}"
SIM961,"{""val"":961,""ver"":1}"
SIM962,"{""val"":962,""ver"":1}"
SIM963,"{""val"":963,""ver"":1}"
SIM964,"{""val"":964,""ver"":1}"
SIM965,"{""val"":965,""ver"":1}"
SIM966,"{""val"":966,""ver"":1}"
SIM967,"{""val"":967,""ver"":1}"
SIM968,"{""val"":968,""ver"":1}"
SIM969,"{""val"":969,""ver"":1}"
SIM97,"{""val"":97,""ver"":1}"
SIM970,"{""val"":970,""ver"":1}"
SIM971,"{""val"":971,""ver"":1}"
SIM972,"{""val"":972,""ver"":1}"
SIM973,"{""val"":973,""ver"":1}"
SIM974,"{""val"":974,""ver"":1}"
SIM975,"{""val"":975,""ver"":1}"
SIM976,"{""val"":976,""ver"":1}"
SIM977,"{""val"":977,""ver"":1}"
SIM978,"{""val"":978,""ver"":1}"
SIM979,"{""val"":979,""ver"":1}"
SIM98,"{""val"":98,""ver"":1}"
SIM980,"{""val"":980,""ver"":1}"
SIM981,"{""val"":981,""ver"":1}"
SIM982,"{""val"":982,""ver"":1}"
SIM983,"{""val"":983,""ver"":1}"
SIM984,"{""val"":984,""ver"":1}"
SIM985,"{""val"":985,""ver"":1}"
SIM986,"{""val"":986,""ver"":1}"
SIM987,"{""val"":987,""ver"":1}"
SIM988,"{""val"":988,""ver"":1}"
SIM989,"{""val"":989,""ver"":1}"
SIM99,"{""val"":99,""ver"":1}"
SIM990,"{""val"":990,""ver"":1}"
SIM991,"{""val"":991,""ver"":1}"
SIM992,"{""val"":992,""ver"":1}"
SIM993,"{""val"":993,""ver"":1}"
SIM994,"{""val"":994,""ver"":1}"
SIM995,"{""val"":995,""ver"":1}"
SIM996,"{""val"":996,""ver"":1}"
SIM997,"{""val"":997,""ver"":1}"
SIM998,"{""val"":998,""ver"":1}"
SIM999,"{""val"":999,""ver"":1}"
